[{"model": "admin.logentry", "pk": 1, "fields": {"action_time": "2021-09-23T07:52:36.925Z", "user": 1, "content_type": 8, "object_id": "1", "object_repr": "Category object (1)", "action_flag": 1, "change_message": "[{\"added\": {}}]"}}, {"model": "admin.logentry", "pk": 2, "fields": {"action_time": "2021-09-23T07:52:44.352Z", "user": 1, "content_type": 8, "object_id": "2", "object_repr": "Category object (2)", "action_flag": 1, "change_message": "[{\"added\": {}}]"}}, {"model": "admin.logentry", "pk": 3, "fields": {"action_time": "2021-09-23T07:52:51.045Z", "user": 1, "content_type": 8, "object_id": "3", "object_repr": "Category object (3)", "action_flag": 1, "change_message": "[{\"added\": {}}]"}}, {"model": "admin.logentry", "pk": 4, "fields": {"action_time": "2021-09-23T07:53:48.066Z", "user": 1, "content_type": 9, "object_id": "1", "object_repr": "豚肉", "action_flag": 1, "change_message": "[{\"added\": {}}]"}}, {"model": "admin.logentry", "pk": 5, "fields": {"action_time": "2021-09-23T07:53:57.043Z", "user": 1, "content_type": 9, "object_id": "2", "object_repr": "牛肉", "action_flag": 1, "change_message": "[{\"added\": {}}]"}}, {"model": "admin.logentry", "pk": 6, "fields": {"action_time": "2021-09-23T07:54:05.165Z", "user": 1, "content_type": 9, "object_id": "3", "object_repr": "鶏肉", "action_flag": 1, "change_message": "[{\"added\": {}}]"}}, {"model": "admin.logentry", "pk": 7, "fields": {"action_time": "2021-09-23T07:54:14.382Z", "user": 1, "content_type": 9, "object_id": "4", "object_repr": "ひき肉", "action_flag": 1, "change_message": "[{\"added\": {}}]"}}, {"model": "admin.logentry", "pk": 8, "fields": {"action_time": "2021-09-23T07:54:25.236Z", "user": 1, "content_type": 9, "object_id": "5", "object_repr": "ソーセージ・ウィンナー", "action_flag": 1, "change_message": "[{\"added\": {}}]"}}, {"model": "admin.logentry", "pk": 9, "fields": {"action_time": "2021-09-23T07:54:31.887Z", "user": 1, "content_type": 9, "object_id": "6", "object_repr": "ハム", "action_flag": 1, "change_message": "[{\"added\": {}}]"}}, {"model": "admin.logentry", "pk": 10, "fields": {"action_time": "2021-09-23T07:54:41.666Z", "user": 1, "content_type": 9, "object_id": "7", "object_repr": "ベーコン", "action_flag": 1, "change_message": "[{\"added\": {}}]"}}, {"model": "admin.logentry", "pk": 11, "fields": {"action_time": "2021-09-23T07:54:49.176Z", "user": 1, "content_type": 9, "object_id": "8", "object_repr": "その他の肉", "action_flag": 1, "change_message": "[{\"added\": {}}]"}}, {"model": "admin.logentry", "pk": 12, "fields": {"action_time": "2021-09-23T07:54:56.917Z", "user": 1, "content_type": 9, "object_id": "9", "object_repr": "肉類全て", "action_flag": 1, "change_message": "[{\"added\": {}}]"}}, {"model": "admin.logentry", "pk": 13, "fields": {"action_time": "2021-09-23T07:55:04.731Z", "user": 1, "content_type": 9, "object_id": "10", "object_repr": "サーモン・サケ", "action_flag": 1, "change_message": "[{\"added\": {}}]"}}, {"model": "admin.logentry", "pk": 14, "fields": {"action_time": "2021-09-23T07:55:13.264Z", "user": 1, "content_type": 9, "object_id": "11", "object_repr": "イワシ", "action_flag": 1, "change_message": "[{\"added\": {}}]"}}, {"model": "admin.logentry", "pk": 15, "fields": {"action_time": "2021-09-23T07:55:20.016Z", "user": 1, "content_type": 9, "object_id": "12", "object_repr": "サバ", "action_flag": 1, "change_message": "[{\"added\": {}}]"}}, {"model": "admin.logentry", "pk": 16, "fields": {"action_time": "2021-09-23T07:55:29.424Z", "user": 1, "content_type": 9, "object_id": "13", "object_repr": "アジ", "action_flag": 1, "change_message": "[{\"added\": {}}]"}}, {"model": "admin.logentry", "pk": 17, "fields": {"action_time": "2021-09-23T07:55:35.522Z", "user": 1, "content_type": 9, "object_id": "14", "object_repr": "ぶり", "action_flag": 1, "change_message": "[{\"added\": {}}]"}}, {"model": "admin.logentry", "pk": 18, "fields": {"action_time": "2021-09-23T07:55:41.658Z", "user": 1, "content_type": 9, "object_id": "15", "object_repr": "さんま", "action_flag": 1, "change_message": "[{\"added\": {}}]"}}, {"model": "admin.logentry", "pk": 19, "fields": {"action_time": "2021-09-23T07:55:49.165Z", "user": 1, "content_type": 9, "object_id": "16", "object_repr": "鯛", "action_flag": 1, "change_message": "[{\"added\": {}}]"}}, {"model": "admin.logentry", "pk": 20, "fields": {"action_time": "2021-09-23T07:55:55.506Z", "user": 1, "content_type": 9, "object_id": "17", "object_repr": "マグロ", "action_flag": 1, "change_message": "[{\"added\": {}}]"}}, {"model": "admin.logentry", "pk": 21, "fields": {"action_time": "2021-09-23T07:56:07.633Z", "user": 1, "content_type": 9, "object_id": "18", "object_repr": "その他の魚", "action_flag": 1, "change_message": "[{\"added\": {}}]"}}, {"model": "admin.logentry", "pk": 22, "fields": {"action_time": "2021-09-23T07:56:13.035Z", "user": 1, "content_type": 9, "object_id": "19", "object_repr": "エビ", "action_flag": 1, "change_message": "[{\"added\": {}}]"}}, {"model": "admin.logentry", "pk": 23, "fields": {"action_time": "2021-09-23T07:56:18.454Z", "user": 1, "content_type": 9, "object_id": "20", "object_repr": "イカ", "action_flag": 1, "change_message": "[{\"added\": {}}]"}}, {"model": "admin.logentry", "pk": 24, "fields": {"action_time": "2021-09-23T07:56:23.973Z", "user": 1, "content_type": 9, "object_id": "21", "object_repr": "たこ", "action_flag": 1, "change_message": "[{\"added\": {}}]"}}, {"model": "admin.logentry", "pk": 25, "fields": {"action_time": "2021-09-23T07:56:33.834Z", "user": 1, "content_type": 9, "object_id": "22", "object_repr": "貝類", "action_flag": 1, "change_message": "[{\"added\": {}}]"}}, {"model": "admin.logentry", "pk": 26, "fields": {"action_time": "2021-09-23T07:56:42.253Z", "user": 1, "content_type": 9, "object_id": "23", "object_repr": "かに", "action_flag": 1, "change_message": "[{\"added\": {}}]"}}, {"model": "admin.logentry", "pk": 27, "fields": {"action_time": "2021-09-23T07:56:47.883Z", "user": 1, "content_type": 9, "object_id": "24", "object_repr": "たら", "action_flag": 1, "change_message": "[{\"added\": {}}]"}}, {"model": "admin.logentry", "pk": 28, "fields": {"action_time": "2021-09-23T07:56:53.877Z", "user": 1, "content_type": 9, "object_id": "25", "object_repr": "かき", "action_flag": 1, "change_message": "[{\"added\": {}}]"}}, {"model": "admin.logentry", "pk": 29, "fields": {"action_time": "2021-09-23T07:57:01.529Z", "user": 1, "content_type": 9, "object_id": "26", "object_repr": "明太子・魚卵", "action_flag": 1, "change_message": "[{\"added\": {}}]"}}, {"model": "admin.logentry", "pk": 30, "fields": {"action_time": "2021-09-23T07:57:12.740Z", "user": 1, "content_type": 9, "object_id": "27", "object_repr": "その他の魚介", "action_flag": 1, "change_message": "[{\"added\": {}}]"}}, {"model": "admin.logentry", "pk": 31, "fields": {"action_time": "2021-09-23T07:57:57.824Z", "user": 1, "content_type": 9, "object_id": "28", "object_repr": "なす", "action_flag": 1, "change_message": "[{\"added\": {}}]"}}, {"model": "admin.logentry", "pk": 32, "fields": {"action_time": "2021-09-23T07:58:04.504Z", "user": 1, "content_type": 9, "object_id": "29", "object_repr": "大根", "action_flag": 1, "change_message": "[{\"added\": {}}]"}}, {"model": "admin.logentry", "pk": 33, "fields": {"action_time": "2021-09-23T07:58:10.815Z", "user": 1, "content_type": 9, "object_id": "30", "object_repr": "かぼちゃ", "action_flag": 1, "change_message": "[{\"added\": {}}]"}}, {"model": "admin.logentry", "pk": 34, "fields": {"action_time": "2021-09-23T07:58:17.259Z", "user": 1, "content_type": 9, "object_id": "31", "object_repr": "きゅうり", "action_flag": 1, "change_message": "[{\"added\": {}}]"}}, {"model": "admin.logentry", "pk": 35, "fields": {"action_time": "2021-09-23T07:58:28.089Z", "user": 1, "content_type": 9, "object_id": "32", "object_repr": "じゃがいも", "action_flag": 1, "change_message": "[{\"added\": {}}]"}}, {"model": "admin.logentry", "pk": 36, "fields": {"action_time": "2021-09-23T07:58:42.625Z", "user": 1, "content_type": 9, "object_id": "33", "object_repr": "さつまいも", "action_flag": 1, "change_message": "[{\"added\": {}}]"}}, {"model": "admin.logentry", "pk": 37, "fields": {"action_time": "2021-09-23T07:58:52.864Z", "user": 1, "content_type": 9, "object_id": "34", "object_repr": "キャベツ", "action_flag": 1, "change_message": "[{\"added\": {}}]"}}, {"model": "admin.logentry", "pk": 38, "fields": {"action_time": "2021-09-23T07:59:00.668Z", "user": 1, "content_type": 9, "object_id": "35", "object_repr": "白菜", "action_flag": 1, "change_message": "[{\"added\": {}}]"}}, {"model": "admin.logentry", "pk": 39, "fields": {"action_time": "2021-09-23T07:59:08.614Z", "user": 1, "content_type": 9, "object_id": "36", "object_repr": "トマト", "action_flag": 1, "change_message": "[{\"added\": {}}]"}}, {"model": "admin.logentry", "pk": 40, "fields": {"action_time": "2021-09-23T07:59:15.844Z", "user": 1, "content_type": 9, "object_id": "37", "object_repr": "もやし", "action_flag": 1, "change_message": "[{\"added\": {}}]"}}, {"model": "admin.logentry", "pk": 41, "fields": {"action_time": "2021-09-23T07:59:23.110Z", "user": 1, "content_type": 9, "object_id": "38", "object_repr": "小松菜", "action_flag": 1, "change_message": "[{\"added\": {}}]"}}, {"model": "admin.logentry", "pk": 42, "fields": {"action_time": "2021-09-23T07:59:30.373Z", "user": 1, "content_type": 9, "object_id": "39", "object_repr": "ほうれん草", "action_flag": 1, "change_message": "[{\"added\": {}}]"}}, {"model": "admin.logentry", "pk": 43, "fields": {"action_time": "2021-09-23T07:59:36.234Z", "user": 1, "content_type": 9, "object_id": "40", "object_repr": "ごぼう", "action_flag": 1, "change_message": "[{\"added\": {}}]"}}, {"model": "admin.logentry", "pk": 44, "fields": {"action_time": "2021-09-23T07:59:42.281Z", "user": 1, "content_type": 9, "object_id": "41", "object_repr": "アボカド", "action_flag": 1, "change_message": "[{\"added\": {}}]"}}, {"model": "admin.logentry", "pk": 45, "fields": {"action_time": "2021-09-23T07:59:49.979Z", "user": 1, "content_type": 9, "object_id": "42", "object_repr": "ブロッコリー", "action_flag": 1, "change_message": "[{\"added\": {}}]"}}, {"model": "admin.logentry", "pk": 46, "fields": {"action_time": "2021-09-23T07:59:56.641Z", "user": 1, "content_type": 9, "object_id": "43", "object_repr": "にんじん", "action_flag": 1, "change_message": "[{\"added\": {}}]"}}, {"model": "admin.logentry", "pk": 47, "fields": {"action_time": "2021-09-23T08:04:28.645Z", "user": 1, "content_type": 6, "object_id": "1", "object_repr": "子ども大好き☆簡単＆野菜たっぷり♡ポトポトポトフ♪", "action_flag": 1, "change_message": "[{\"added\": {}}]"}}, {"model": "admin.logentry", "pk": 48, "fields": {"action_time": "2021-09-25T15:22:47.864Z", "user": 1, "content_type": 6, "object_id": "2", "object_repr": "プロ直伝！野菜炒め", "action_flag": 3, "change_message": ""}}, {"model": "admin.logentry", "pk": 49, "fields": {"action_time": "2021-09-26T07:50:18.872Z", "user": 1, "content_type": 9, "object_id": "2", "object_repr": "牛肉", "action_flag": 2, "change_message": "[{\"changed\": {\"fields\": [\"Api id\"]}}]"}}, {"model": "admin.logentry", "pk": 50, "fields": {"action_time": "2021-09-26T07:50:36.258Z", "user": 1, "content_type": 9, "object_id": "1", "object_repr": "豚肉", "action_flag": 2, "change_message": "[{\"changed\": {\"fields\": [\"Api id\"]}}]"}}, {"model": "admin.logentry", "pk": 51, "fields": {"action_time": "2021-09-26T07:50:52.053Z", "user": 1, "content_type": 9, "object_id": "3", "object_repr": "鶏肉", "action_flag": 2, "change_message": "[{\"changed\": {\"fields\": [\"Api id\"]}}]"}}, {"model": "admin.logentry", "pk": 52, "fields": {"action_time": "2021-09-26T07:51:06.159Z", "user": 1, "content_type": 9, "object_id": "4", "object_repr": "ひき肉", "action_flag": 2, "change_message": "[{\"changed\": {\"fields\": [\"Api id\"]}}]"}}, {"model": "admin.logentry", "pk": 53, "fields": {"action_time": "2021-09-26T07:51:20.753Z", "user": 1, "content_type": 9, "object_id": "5", "object_repr": "ソーセージ・ウィンナー", "action_flag": 2, "change_message": "[{\"changed\": {\"fields\": [\"Api id\"]}}]"}}, {"model": "admin.logentry", "pk": 54, "fields": {"action_time": "2021-09-26T07:51:34.724Z", "user": 1, "content_type": 9, "object_id": "6", "object_repr": "ハム", "action_flag": 2, "change_message": "[{\"changed\": {\"fields\": [\"Api id\"]}}]"}}, {"model": "admin.logentry", "pk": 55, "fields": {"action_time": "2021-09-26T07:51:45.702Z", "user": 1, "content_type": 9, "object_id": "7", "object_repr": "ベーコン", "action_flag": 2, "change_message": "[{\"changed\": {\"fields\": [\"Api id\"]}}]"}}, {"model": "admin.logentry", "pk": 56, "fields": {"action_time": "2021-09-26T07:51:57.248Z", "user": 1, "content_type": 9, "object_id": "8", "object_repr": "その他の肉", "action_flag": 2, "change_message": "[{\"changed\": {\"fields\": [\"Api id\"]}}]"}}, {"model": "admin.logentry", "pk": 57, "fields": {"action_time": "2021-09-26T07:52:29.510Z", "user": 1, "content_type": 9, "object_id": "10", "object_repr": "サーモン・サケ", "action_flag": 2, "change_message": "[{\"changed\": {\"fields\": [\"Api id\"]}}]"}}, {"model": "admin.logentry", "pk": 58, "fields": {"action_time": "2021-09-26T07:52:54.118Z", "user": 1, "content_type": 9, "object_id": "11", "object_repr": "イワシ", "action_flag": 2, "change_message": "[{\"changed\": {\"fields\": [\"Api id\"]}}]"}}, {"model": "admin.logentry", "pk": 59, "fields": {"action_time": "2021-09-26T07:53:09.276Z", "user": 1, "content_type": 9, "object_id": "12", "object_repr": "サバ", "action_flag": 2, "change_message": "[{\"changed\": {\"fields\": [\"Api id\"]}}]"}}, {"model": "admin.logentry", "pk": 60, "fields": {"action_time": "2021-09-26T08:08:50.443Z", "user": 1, "content_type": 6, "object_id": "11", "object_repr": "甜麺醤なしで出来る！簡単 ホイコーロー", "action_flag": 3, "change_message": ""}}, {"model": "admin.logentry", "pk": 61, "fields": {"action_time": "2021-09-26T08:08:50.454Z", "user": 1, "content_type": 6, "object_id": "6", "object_repr": "いくらでも食べれる！豚肉のさっぱり大根おろしかけ", "action_flag": 3, "change_message": ""}}, {"model": "admin.logentry", "pk": 62, "fields": {"action_time": "2021-09-26T08:08:50.458Z", "user": 1, "content_type": 6, "object_id": "5", "object_repr": "ご飯がすすむ♪ 豚肉となすの味噌炒め☆", "action_flag": 3, "change_message": ""}}, {"model": "admin.logentry", "pk": 63, "fields": {"action_time": "2021-09-26T08:08:50.461Z", "user": 1, "content_type": 6, "object_id": "4", "object_repr": "薬味たっぷり！なすと豚肉のしょうが焼き", "action_flag": 3, "change_message": ""}}, {"model": "admin.logentry", "pk": 64, "fields": {"action_time": "2021-09-26T08:08:50.466Z", "user": 1, "content_type": 6, "object_id": "3", "object_repr": "プロ直伝！野菜炒め", "action_flag": 3, "change_message": ""}}, {"model": "admin.logentry", "pk": 65, "fields": {"action_time": "2021-09-26T08:08:50.470Z", "user": 1, "content_type": 6, "object_id": "1", "object_repr": "子ども大好き☆簡単＆野菜たっぷり♡ポトポトポトフ♪", "action_flag": 3, "change_message": ""}}, {"model": "admin.logentry", "pk": 66, "fields": {"action_time": "2021-09-26T08:14:00.478Z", "user": 1, "content_type": 6, "object_id": "15", "object_repr": "甜麺醤なしで出来る！簡単 ホイコーロー", "action_flag": 3, "change_message": ""}}, {"model": "admin.logentry", "pk": 67, "fields": {"action_time": "2021-09-26T08:14:00.491Z", "user": 1, "content_type": 6, "object_id": "14", "object_repr": "いくらでも食べれる！豚肉のさっぱり大根おろしかけ", "action_flag": 3, "change_message": ""}}, {"model": "admin.logentry", "pk": 68, "fields": {"action_time": "2021-09-26T08:14:00.494Z", "user": 1, "content_type": 6, "object_id": "13", "object_repr": "ご飯がすすむ♪ 豚肉となすの味噌炒め☆", "action_flag": 3, "change_message": ""}}, {"model": "admin.logentry", "pk": 69, "fields": {"action_time": "2021-09-26T08:14:00.498Z", "user": 1, "content_type": 6, "object_id": "12", "object_repr": "プロ直伝！野菜炒め", "action_flag": 3, "change_message": ""}}, {"model": "admin.logentry", "pk": 70, "fields": {"action_time": "2021-09-27T12:32:52.027Z", "user": 1, "content_type": 6, "object_id": "22", "object_repr": "甜麺醤なしで出来る！簡単 ホイコーロー", "action_flag": 3, "change_message": ""}}, {"model": "admin.logentry", "pk": 71, "fields": {"action_time": "2021-09-27T12:32:52.033Z", "user": 1, "content_type": 6, "object_id": "21", "object_repr": "簡単おいしい！我が家のチンジャオロース（青椒肉絲）", "action_flag": 3, "change_message": ""}}, {"model": "admin.logentry", "pk": 72, "fields": {"action_time": "2021-09-27T12:32:52.036Z", "user": 1, "content_type": 6, "object_id": "18", "object_repr": "ご飯がすすむ♪ 豚肉となすの味噌炒め☆", "action_flag": 3, "change_message": ""}}, {"model": "admin.logentry", "pk": 73, "fields": {"action_time": "2021-09-27T12:32:52.040Z", "user": 1, "content_type": 6, "object_id": "16", "object_repr": "プロ直伝！野菜炒め", "action_flag": 3, "change_message": ""}}, {"model": "admin.logentry", "pk": 74, "fields": {"action_time": "2021-09-27T12:57:03.504Z", "user": 1, "content_type": 9, "object_id": "13", "object_repr": "あじ", "action_flag": 2, "change_message": "[{\"changed\": {\"fields\": [\"Name\", \"Api id\"]}}]"}}, {"model": "admin.logentry", "pk": 75, "fields": {"action_time": "2021-09-27T12:57:14.563Z", "user": 1, "content_type": 9, "object_id": "14", "object_repr": "ぶり", "action_flag": 2, "change_message": "[{\"changed\": {\"fields\": [\"Api id\"]}}]"}}, {"model": "admin.logentry", "pk": 76, "fields": {"action_time": "2021-09-27T12:57:28.910Z", "user": 1, "content_type": 9, "object_id": "15", "object_repr": "さんま", "action_flag": 2, "change_message": "[{\"changed\": {\"fields\": [\"Api id\"]}}]"}}, {"model": "admin.logentry", "pk": 77, "fields": {"action_time": "2021-09-27T12:57:39.657Z", "user": 1, "content_type": 9, "object_id": "16", "object_repr": "鯛", "action_flag": 2, "change_message": "[{\"changed\": {\"fields\": [\"Api id\"]}}]"}}, {"model": "admin.logentry", "pk": 78, "fields": {"action_time": "2021-09-27T12:57:48.708Z", "user": 1, "content_type": 9, "object_id": "17", "object_repr": "マグロ", "action_flag": 2, "change_message": "[{\"changed\": {\"fields\": [\"Api id\"]}}]"}}, {"model": "admin.logentry", "pk": 79, "fields": {"action_time": "2021-09-27T12:57:57.544Z", "user": 1, "content_type": 9, "object_id": "17", "object_repr": "マグロ", "action_flag": 2, "change_message": "[]"}}, {"model": "admin.logentry", "pk": 80, "fields": {"action_time": "2021-09-27T12:58:09.157Z", "user": 1, "content_type": 9, "object_id": "18", "object_repr": "その他のさかな", "action_flag": 2, "change_message": "[{\"changed\": {\"fields\": [\"Name\", \"Api id\"]}}]"}}, {"model": "admin.logentry", "pk": 81, "fields": {"action_time": "2021-09-27T12:58:29.223Z", "user": 1, "content_type": 9, "object_id": "20", "object_repr": "いか", "action_flag": 2, "change_message": "[{\"changed\": {\"fields\": [\"Name\", \"Api id\"]}}]"}}, {"model": "admin.logentry", "pk": 82, "fields": {"action_time": "2021-09-27T12:58:42.005Z", "user": 1, "content_type": 9, "object_id": "21", "object_repr": "たこ", "action_flag": 2, "change_message": "[{\"changed\": {\"fields\": [\"Api id\"]}}]"}}, {"model": "admin.logentry", "pk": 83, "fields": {"action_time": "2021-09-27T12:58:51.187Z", "user": 1, "content_type": 9, "object_id": "19", "object_repr": "エビ", "action_flag": 2, "change_message": "[{\"changed\": {\"fields\": [\"Api id\"]}}]"}}, {"model": "admin.logentry", "pk": 84, "fields": {"action_time": "2021-09-27T12:59:01.076Z", "user": 1, "content_type": 9, "object_id": "19", "object_repr": "エビ", "action_flag": 2, "change_message": "[]"}}, {"model": "admin.logentry", "pk": 85, "fields": {"action_time": "2021-09-27T12:59:07.568Z", "user": 1, "content_type": 9, "object_id": "21", "object_repr": "たこ", "action_flag": 2, "change_message": "[]"}}, {"model": "admin.logentry", "pk": 86, "fields": {"action_time": "2021-09-27T12:59:19.078Z", "user": 1, "content_type": 9, "object_id": "22", "object_repr": "貝類", "action_flag": 2, "change_message": "[{\"changed\": {\"fields\": [\"Api id\"]}}]"}}, {"model": "admin.logentry", "pk": 87, "fields": {"action_time": "2021-09-27T12:59:30.099Z", "user": 1, "content_type": 9, "object_id": "26", "object_repr": "明太子・魚卵", "action_flag": 2, "change_message": "[{\"changed\": {\"fields\": [\"Api id\"]}}]"}}, {"model": "admin.logentry", "pk": 88, "fields": {"action_time": "2021-09-27T12:59:38.650Z", "user": 1, "content_type": 9, "object_id": "27", "object_repr": "その他の魚介", "action_flag": 2, "change_message": "[{\"changed\": {\"fields\": [\"Api id\"]}}]"}}, {"model": "auth.permission", "pk": 1, "fields": {"name": "Can add log entry", "content_type": 1, "codename": "add_logentry"}}, {"model": "auth.permission", "pk": 2, "fields": {"name": "Can change log entry", "content_type": 1, "codename": "change_logentry"}}, {"model": "auth.permission", "pk": 3, "fields": {"name": "Can delete log entry", "content_type": 1, "codename": "delete_logentry"}}, {"model": "auth.permission", "pk": 4, "fields": {"name": "Can view log entry", "content_type": 1, "codename": "view_logentry"}}, {"model": "auth.permission", "pk": 5, "fields": {"name": "Can add permission", "content_type": 2, "codename": "add_permission"}}, {"model": "auth.permission", "pk": 6, "fields": {"name": "Can change permission", "content_type": 2, "codename": "change_permission"}}, {"model": "auth.permission", "pk": 7, "fields": {"name": "Can delete permission", "content_type": 2, "codename": "delete_permission"}}, {"model": "auth.permission", "pk": 8, "fields": {"name": "Can view permission", "content_type": 2, "codename": "view_permission"}}, {"model": "auth.permission", "pk": 9, "fields": {"name": "Can add group", "content_type": 3, "codename": "add_group"}}, {"model": "auth.permission", "pk": 10, "fields": {"name": "Can change group", "content_type": 3, "codename": "change_group"}}, {"model": "auth.permission", "pk": 11, "fields": {"name": "Can delete group", "content_type": 3, "codename": "delete_group"}}, {"model": "auth.permission", "pk": 12, "fields": {"name": "Can view group", "content_type": 3, "codename": "view_group"}}, {"model": "auth.permission", "pk": 13, "fields": {"name": "Can add content type", "content_type": 4, "codename": "add_contenttype"}}, {"model": "auth.permission", "pk": 14, "fields": {"name": "Can change content type", "content_type": 4, "codename": "change_contenttype"}}, {"model": "auth.permission", "pk": 15, "fields": {"name": "Can delete content type", "content_type": 4, "codename": "delete_contenttype"}}, {"model": "auth.permission", "pk": 16, "fields": {"name": "Can view content type", "content_type": 4, "codename": "view_contenttype"}}, {"model": "auth.permission", "pk": 17, "fields": {"name": "Can add session", "content_type": 5, "codename": "add_session"}}, {"model": "auth.permission", "pk": 18, "fields": {"name": "Can change session", "content_type": 5, "codename": "change_session"}}, {"model": "auth.permission", "pk": 19, "fields": {"name": "Can delete session", "content_type": 5, "codename": "delete_session"}}, {"model": "auth.permission", "pk": 20, "fields": {"name": "Can view session", "content_type": 5, "codename": "view_session"}}, {"model": "auth.permission", "pk": 21, "fields": {"name": "Can add recipe", "content_type": 6, "codename": "add_recipe"}}, {"model": "auth.permission", "pk": 22, "fields": {"name": "Can change recipe", "content_type": 6, "codename": "change_recipe"}}, {"model": "auth.permission", "pk": 23, "fields": {"name": "Can delete recipe", "content_type": 6, "codename": "delete_recipe"}}, {"model": "auth.permission", "pk": 24, "fields": {"name": "Can view recipe", "content_type": 6, "codename": "view_recipe"}}, {"model": "auth.permission", "pk": 25, "fields": {"name": "Can add user", "content_type": 7, "codename": "add_siteuser"}}, {"model": "auth.permission", "pk": 26, "fields": {"name": "Can change user", "content_type": 7, "codename": "change_siteuser"}}, {"model": "auth.permission", "pk": 27, "fields": {"name": "Can delete user", "content_type": 7, "codename": "delete_siteuser"}}, {"model": "auth.permission", "pk": 28, "fields": {"name": "Can view user", "content_type": 7, "codename": "view_siteuser"}}, {"model": "auth.permission", "pk": 29, "fields": {"name": "Can add category", "content_type": 8, "codename": "add_category"}}, {"model": "auth.permission", "pk": 30, "fields": {"name": "Can change category", "content_type": 8, "codename": "change_category"}}, {"model": "auth.permission", "pk": 31, "fields": {"name": "Can delete category", "content_type": 8, "codename": "delete_category"}}, {"model": "auth.permission", "pk": 32, "fields": {"name": "Can view category", "content_type": 8, "codename": "view_category"}}, {"model": "auth.permission", "pk": 33, "fields": {"name": "Can add ingredient", "content_type": 9, "codename": "add_ingredient"}}, {"model": "auth.permission", "pk": 34, "fields": {"name": "Can change ingredient", "content_type": 9, "codename": "change_ingredient"}}, {"model": "auth.permission", "pk": 35, "fields": {"name": "Can delete ingredient", "content_type": 9, "codename": "delete_ingredient"}}, {"model": "auth.permission", "pk": 36, "fields": {"name": "Can view ingredient", "content_type": 9, "codename": "view_ingredient"}}, {"model": "contenttypes.contenttype", "pk": 1, "fields": {"app_label": "admin", "model": "logentry"}}, {"model": "contenttypes.contenttype", "pk": 2, "fields": {"app_label": "auth", "model": "permission"}}, {"model": "contenttypes.contenttype", "pk": 3, "fields": {"app_label": "auth", "model": "group"}}, {"model": "contenttypes.contenttype", "pk": 4, "fields": {"app_label": "contenttypes", "model": "contenttype"}}, {"model": "contenttypes.contenttype", "pk": 5, "fields": {"app_label": "sessions", "model": "session"}}, {"model": "contenttypes.contenttype", "pk": 6, "fields": {"app_label": "recipe", "model": "recipe"}}, {"model": "contenttypes.contenttype", "pk": 7, "fields": {"app_label": "recipe", "model": "siteuser"}}, {"model": "contenttypes.contenttype", "pk": 8, "fields": {"app_label": "recipe", "model": "category"}}, {"model": "contenttypes.contenttype", "pk": 9, "fields": {"app_label": "recipe", "model": "ingredient"}}, {"model": "sessions.session", "pk": "eb2i6126bjcfrpaoj35m5fv55v94z9dt", "fields": {"session_data": ".eJxVjM0OwiAQhN-FsyELRX48evcZyMJupWpoUtqT8d2lSQ96m3zzzbxFxG0tcWu8xInERShx-mUJ85PrXtAD632Wea7rMiW5K_Jom7zNxK_r4f4dFGylr8FxsuBHzGYgtAwu-OTOwIjahFF3pAF4MD4oDFlnZZTy2roeE5EXny_joDfE:1mTJWq:fgPgnW1iYB5h_8sg44zwSsvLtILjwQdXWewfYbYcEoU", "expire_date": "2021-10-07T07:52:24.409Z"}}, {"model": "recipe.category", "pk": 1, "fields": {"name": "肉"}}, {"model": "recipe.category", "pk": 2, "fields": {"name": "魚"}}, {"model": "recipe.category", "pk": 3, "fields": {"name": "野菜"}}, {"model": "recipe.ingredient", "pk": 1, "fields": {"name": "豚肉", "category": 1, "api_id": "10-276"}}, {"model": "recipe.ingredient", "pk": 2, "fields": {"name": "牛肉", "category": 1, "api_id": "10-275"}}, {"model": "recipe.ingredient", "pk": 3, "fields": {"name": "鶏肉", "category": 1, "api_id": "10-277"}}, {"model": "recipe.ingredient", "pk": 4, "fields": {"name": "ひき肉", "category": 1, "api_id": "10-278"}}, {"model": "recipe.ingredient", "pk": 5, "fields": {"name": "ソーセージ・ウィンナー", "category": 1, "api_id": "10-66"}}, {"model": "recipe.ingredient", "pk": 6, "fields": {"name": "ハム", "category": 1, "api_id": "10-67"}}, {"model": "recipe.ingredient", "pk": 7, "fields": {"name": "ベーコン", "category": 1, "api_id": "10-68"}}, {"model": "recipe.ingredient", "pk": 8, "fields": {"name": "その他の肉", "category": 1, "api_id": "10-69"}}, {"model": "recipe.ingredient", "pk": 9, "fields": {"name": "肉類全て", "category": 1, "api_id": "0"}}, {"model": "recipe.ingredient", "pk": 10, "fields": {"name": "サーモン・サケ", "category": 2, "api_id": "11-70"}}, {"model": "recipe.ingredient", "pk": 11, "fields": {"name": "イワシ", "category": 2, "api_id": "11-71"}}, {"model": "recipe.ingredient", "pk": 12, "fields": {"name": "サバ", "category": 2, "api_id": "11-72"}}, {"model": "recipe.ingredient", "pk": 13, "fields": {"name": "あじ", "category": 2, "api_id": "11-73"}}, {"model": "recipe.ingredient", "pk": 14, "fields": {"name": "ぶり", "category": 2, "api_id": "11-74"}}, {"model": "recipe.ingredient", "pk": 15, "fields": {"name": "さんま", "category": 2, "api_id": "11-75"}}, {"model": "recipe.ingredient", "pk": 16, "fields": {"name": "鯛", "category": 2, "api_id": "11-76"}}, {"model": "recipe.ingredient", "pk": 17, "fields": {"name": "マグロ", "category": 2, "api_id": "11-77"}}, {"model": "recipe.ingredient", "pk": 18, "fields": {"name": "その他のさかな", "category": 2, "api_id": "11-78"}}, {"model": "recipe.ingredient", "pk": 19, "fields": {"name": "エビ", "category": 2, "api_id": "11-79"}}, {"model": "recipe.ingredient", "pk": 20, "fields": {"name": "いか", "category": 2, "api_id": "11-80"}}, {"model": "recipe.ingredient", "pk": 21, "fields": {"name": "たこ", "category": 2, "api_id": "11-81"}}, {"model": "recipe.ingredient", "pk": 22, "fields": {"name": "貝類", "category": 2, "api_id": "11-82"}}, {"model": "recipe.ingredient", "pk": 23, "fields": {"name": "かに", "category": 2, "api_id": "0"}}, {"model": "recipe.ingredient", "pk": 24, "fields": {"name": "たら", "category": 2, "api_id": "0"}}, {"model": "recipe.ingredient", "pk": 25, "fields": {"name": "かき", "category": 2, "api_id": "0"}}, {"model": "recipe.ingredient", "pk": 26, "fields": {"name": "明太子・魚卵", "category": 2, "api_id": "11-445"}}, {"model": "recipe.ingredient", "pk": 27, "fields": {"name": "その他の魚介", "category": 2, "api_id": "11-446"}}, {"model": "recipe.ingredient", "pk": 28, "fields": {"name": "なす", "category": 3, "api_id": "0"}}, {"model": "recipe.ingredient", "pk": 29, "fields": {"name": "大根", "category": 3, "api_id": "0"}}, {"model": "recipe.ingredient", "pk": 30, "fields": {"name": "かぼちゃ", "category": 3, "api_id": "0"}}, {"model": "recipe.ingredient", "pk": 31, "fields": {"name": "きゅうり", "category": 3, "api_id": "0"}}, {"model": "recipe.ingredient", "pk": 32, "fields": {"name": "じゃがいも", "category": 3, "api_id": "0"}}, {"model": "recipe.ingredient", "pk": 33, "fields": {"name": "さつまいも", "category": 3, "api_id": "0"}}, {"model": "recipe.ingredient", "pk": 34, "fields": {"name": "キャベツ", "category": 3, "api_id": "0"}}, {"model": "recipe.ingredient", "pk": 35, "fields": {"name": "白菜", "category": 3, "api_id": "0"}}, {"model": "recipe.ingredient", "pk": 36, "fields": {"name": "トマト", "category": 3, "api_id": "0"}}, {"model": "recipe.ingredient", "pk": 37, "fields": {"name": "もやし", "category": 3, "api_id": "0"}}, {"model": "recipe.ingredient", "pk": 38, "fields": {"name": "小松菜", "category": 3, "api_id": "0"}}, {"model": "recipe.ingredient", "pk": 39, "fields": {"name": "ほうれん草", "category": 3, "api_id": "0"}}, {"model": "recipe.ingredient", "pk": 40, "fields": {"name": "ごぼう", "category": 3, "api_id": "0"}}, {"model": "recipe.ingredient", "pk": 41, "fields": {"name": "アボカド", "category": 3, "api_id": "0"}}, {"model": "recipe.ingredient", "pk": 42, "fields": {"name": "ブロッコリー", "category": 3, "api_id": "0"}}, {"model": "recipe.ingredient", "pk": 43, "fields": {"name": "にんじん", "category": 3, "api_id": "0"}}, {"model": "recipe.recipe", "pk": 23, "fields": {"title": "プロ直伝！野菜炒め", "link": "https://recipe.rakuten.co.jp/recipe/1050010857/", "img": "https://image.space.rakuten.co.jp/d/strg/ctrl/3/664a2b71daa6345d38d20ab87a0ec4d925d6f09c.46.2.3.2.jpg", "publish_day": "2014/04/22 14:16:24", "recipe_time": "約15分", "description": "意外と奥が深い野菜炒め！家庭でも美味しく出来ちゃいますよ♪", "ingredients": [34, 37, 1]}}, {"model": "recipe.recipe", "pk": 24, "fields": {"title": "ご飯がすすむ♪ 豚肉となすの味噌炒め☆", "link": "https://recipe.rakuten.co.jp/recipe/1390015585/", "img": "https://image.space.rakuten.co.jp/d/strg/ctrl/3/b9439a7c2fd591879279d91e61d4fb6b09388f27.92.2.3.2.jpg", "publish_day": "2013/03/26 16:31:30", "recipe_time": "約10分", "description": "ささっと簡単、豚バラ肉と夏野菜の味噌味の炒めものです。　ご飯のおかずに、おつまみにお箸が進みます。", "ingredients": [28, 1]}}, {"model": "recipe.recipe", "pk": 25, "fields": {"title": "簡単おいしい！我が家のチンジャオロース（青椒肉絲）", "link": "https://recipe.rakuten.co.jp/recipe/1560004245/", "img": "https://image.space.rakuten.co.jp/d/strg/ctrl/3/99344849a9629cc1e6a22ba9bc4b0eb23f89c410.68.2.3.2.jpg", "publish_day": "2012/07/13 23:44:56", "recipe_time": "約15分", "description": "我が家では、たけのこが無い時が多いので、いつもじゃがいもで代用しています！歯ごたえがいいですよ！", "ingredients": [1]}}, {"model": "recipe.recipe", "pk": 26, "fields": {"title": "甜麺醤なしで出来る！簡単 ホイコーロー", "link": "https://recipe.rakuten.co.jp/recipe/1090001352/", "img": "https://image.space.rakuten.co.jp/d/strg/ctrl/3/a1e10faff3c822e32a92aa8531801e62828eaad2.47.2.3.2.jpg", "publish_day": "2011/06/08 21:46:58", "recipe_time": "約10分", "description": "家にある材料で簡単にホイコーローが出来ます♪甜麺醤なしできるのでいつでも作れますヾ(*´∀｀*)ﾉ", "ingredients": [34, 1]}}, {"model": "recipe.siteuser", "pk": 1, "fields": {"password": "pbkdf2_sha256$216000$WOnOanGMWWQ6$FGiaYHJVPZxLR/PeAjXw53xm5xzTCAeajhjyH391RRo=", "last_login": "2021-09-23T07:52:24.405Z", "is_superuser": true, "first_name": "", "last_name": "", "is_staff": true, "is_active": true, "date_joined": "2021-09-23T07:52:17.792Z", "username": "", "email": "test@example.com", "groups": [], "user_permissions": [], "favorite_recipes": []}}]